IP Address,Login Source,Login Date & Time
71.235.173.199,Web,"May 28, 2019, 9:55:39 PM"
71.235.173.199,Web,"Jun 6, 2019, 11:07:25 PM"
71.235.173.199,Mobile,"Sep 24, 2018, 11:08:39 AM"
71.235.173.199,Web,"Jun 4, 2019, 11:55:56 PM"
71.235.173.199,Web,"Jun 13, 2019, 10:06:33 PM"
71.235.173.199,Web,"Jul 5, 2019, 2:37:28 PM"
71.235.173.199,Web,"Jul 10, 2019, 1:24:22 AM"
71.235.173.199,Web,"Jul 10, 2019, 10:33:56 PM"
71.235.173.199,Web,"Jul 17, 2019, 3:00:57 AM"
71.235.173.199,Web,"Jul 19, 2019, 1:38:27 AM"
71.235.173.199,Web,"Jul 22, 2019, 5:52:30 AM"
71.235.173.199,Web,"Jul 22, 2019, 8:29:55 PM"
71.235.173.199,Web,"Jul 25, 2019, 4:08:49 AM"
71.235.173.199,Web,"Jul 26, 2019, 11:59:40 PM"
71.235.173.199,Web,"Jul 29, 2019, 10:12:01 PM"
71.235.173.199,Web,"Jul 31, 2019, 12:31:48 AM"
71.235.173.199,Web,"Aug 11, 2019, 1:53:31 AM"
45.141.153.134,Mobile,"Oct 8, 2019, 4:29:42 PM"
71.235.173.199,Web,"Oct 20, 2019, 1:58:06 AM"
71.235.173.199,Web,"Oct 24, 2019, 3:05:58 AM"
71.235.173.199,Mobile,"Oct 26, 2019, 7:46:50 PM"
71.235.173.199,Web,"Oct 28, 2019, 11:33:58 PM"
71.235.173.199,Web,"Oct 30, 2019, 1:27:56 AM"
132.198.204.255,Web,"Jan 4, 2020, 4:14:31 PM"
71.235.173.199,Web,"Jan 30, 2020, 5:49:25 AM"
71.235.173.199,Web,"Feb 4, 2020, 1:58:02 AM"
71.235.173.199,Web,"Feb 18, 2020, 4:50:09 PM"
71.235.173.199,Web,"Mar 2, 2020, 12:57:23 AM"
71.235.173.199,Web,"Mar 5, 2020, 12:18:51 AM"
71.235.173.199,Web,"Mar 10, 2020, 11:34:01 PM"
71.235.173.199,Web,"Mar 12, 2020, 10:49:34 PM"
71.235.173.199,Web,"Mar 18, 2020, 9:57:16 PM"
71.235.173.199,Web,"Mar 21, 2020, 1:25:37 AM"
71.235.173.199,Web,"Apr 6, 2020, 2:38:56 AM"
71.235.173.199,Web,"Apr 7, 2020, 7:10:15 PM"
71.235.173.199,Web,"Apr 13, 2020, 3:25:04 PM"
71.235.173.199,Mobile,"Apr 23, 2020, 9:34:08 PM"
71.235.173.199,Web,"May 21, 2020, 1:59:12 PM"
71.235.173.199,Web,"May 27, 2020, 1:33:03 PM"
71.235.173.199,Web,"May 29, 2020, 1:28:12 AM"
71.235.173.199,Web,"Jun 1, 2020, 11:52:27 PM"
71.235.173.199,Web,"Jun 3, 2020, 12:28:16 AM"
71.235.173.199,Web,"Jun 4, 2020, 9:32:42 PM"
71.235.173.199,Web,"Jun 6, 2020, 1:52:57 AM"
71.235.173.199,Web,"Jun 8, 2020, 1:52:06 AM"
71.235.173.199,Web,"Jun 17, 2020, 2:47:29 AM"
71.235.173.199,Web,"Jun 19, 2020, 4:35:18 AM"
71.235.173.199,Web,"Jun 24, 2020, 2:00:22 AM"
71.235.173.199,Web,"Jul 1, 2020, 3:42:33 PM"
71.235.173.199,Web,"Jul 5, 2020, 2:33:13 AM"
71.235.173.199,Web,"Jul 5, 2020, 11:05:07 PM"
71.235.173.199,Web,"Jul 8, 2020, 4:32:44 PM"
71.235.173.199,Web,"Jul 10, 2020, 6:49:18 PM"
71.235.173.199,Web,"Jul 11, 2020, 1:38:44 AM"
71.235.173.199,Web,"Jul 13, 2020, 6:22:25 PM"
71.235.173.199,Web,"Jul 15, 2020, 4:39:02 PM"
71.235.173.199,Web,"Jul 16, 2020, 2:41:13 AM"
107.242.117.48,Web,"Jul 17, 2020, 5:55:57 PM"
71.235.173.199,Web,"Jul 21, 2020, 4:56:51 PM"
71.235.173.199,Web,"Jul 25, 2020, 2:38:10 AM"
71.235.173.199,Web,"Jul 27, 2020, 3:23:47 PM"
71.235.173.199,Web,"Jul 30, 2020, 2:28:43 AM"
71.235.173.199,Web,"Aug 4, 2020, 12:42:19 AM"
71.235.173.199,Web,"Aug 5, 2020, 5:17:16 AM"
71.235.173.199,Web,"Aug 8, 2020, 1:51:03 AM"
107.77.241.24,Web,"Aug 12, 2020, 3:38:56 PM"
130.160.200.4,Web,"Aug 13, 2020, 10:11:43 PM"
130.160.200.4,Web,"Aug 15, 2020, 3:26:18 AM"
130.160.200.4,Web,"Aug 20, 2020, 10:18:51 PM"
130.160.200.4,Web,"Aug 25, 2020, 3:29:21 AM"
130.160.194.11,Web,"Aug 29, 2020, 4:50:25 PM"
130.160.200.4,Web,"Aug 29, 2020, 10:52:48 PM"
130.160.194.11,Web,"Sep 2, 2020, 4:17:44 PM"
130.160.194.1,Web,"Sep 6, 2020, 5:14:06 AM"
130.160.194.11,Web,"Sep 7, 2020, 7:23:42 AM"
130.160.194.10,Web,"Sep 8, 2020, 6:36:41 AM"
130.160.194.10,Web,"Sep 8, 2020, 4:30:05 PM"
130.160.194.11,Web,"Sep 9, 2020, 5:51:08 PM"
130.160.194.11,Web,"Sep 13, 2020, 11:21:04 PM"
130.160.194.5,Web,"Sep 14, 2020, 9:28:08 PM"
130.160.194.11,Web,"Sep 15, 2020, 9:38:43 PM"
130.160.194.1,Web,"Sep 19, 2020, 6:50:25 PM"
130.160.194.5,Web,"Sep 21, 2020, 5:19:03 AM"
130.160.194.1,Web,"Sep 21, 2020, 9:11:36 PM"
130.160.192.8,Web,"Sep 22, 2020, 2:32:50 AM"
130.160.192.8,Web,"Sep 22, 2020, 3:54:27 AM"
130.160.194.1,Web,"Sep 22, 2020, 5:20:50 AM"
130.160.194.11,Web,"Sep 23, 2020, 5:12:05 PM"
130.160.194.10,Web,"Sep 26, 2020, 10:50:12 PM"
130.160.194.10,Web,"Sep 27, 2020, 6:41:42 PM"
130.160.194.5,Web,"Sep 29, 2020, 3:13:46 AM"
130.160.194.5,Web,"Sep 29, 2020, 4:55:59 AM"
130.160.194.11,Web,"Oct 1, 2020, 8:53:09 PM"
130.160.194.10,Web,"Oct 2, 2020, 8:13:05 PM"
130.160.200.4,Web,"Oct 5, 2020, 3:41:57 AM"
130.160.200.4,Web,"Oct 5, 2020, 10:12:07 PM"
130.160.200.4,Web,"Oct 6, 2020, 2:18:45 AM"
130.160.200.4,Web,"Oct 6, 2020, 8:52:30 PM"
63.246.153.2,Web,"Oct 7, 2020, 3:38:11 AM"
130.160.200.4,Web,"Oct 7, 2020, 4:08:14 AM"
130.160.200.4,Web,"Oct 8, 2020, 1:49:29 AM"
130.160.200.4,Web,"Oct 9, 2020, 4:47:55 PM"
130.160.194.1,Web,"Oct 11, 2020, 10:00:52 PM"
130.160.194.1,Web,"Oct 12, 2020, 1:21:48 AM"
130.160.194.1,Web,"Oct 12, 2020, 2:54:28 AM"
130.160.194.10,Web,"Oct 12, 2020, 3:50:13 PM"
130.160.194.10,Web,"Oct 14, 2020, 12:53:23 AM"
130.160.194.11,Web,"Oct 14, 2020, 6:22:20 PM"
130.160.194.5,Web,"Oct 16, 2020, 12:51:25 AM"
130.160.194.6,Web,"Oct 17, 2020, 3:52:56 AM"
130.160.194.6,Web,"Oct 19, 2020, 12:13:22 AM"
130.160.194.6,Web,"Oct 19, 2020, 1:34:34 AM"
45.56.200.214,Web,"Oct 20, 2020, 1:56:47 AM"
130.160.194.1,Web,"Oct 22, 2020, 4:42:59 PM"
130.160.194.6,Web,"Oct 24, 2020, 1:13:27 AM"
45.56.200.223,Web,"Oct 24, 2020, 2:56:09 AM"
130.160.194.10,Web,"Oct 30, 2020, 8:13:25 PM"
130.160.194.1,Web,"Oct 31, 2020, 2:24:51 AM"
130.160.194.9,Web,"Oct 31, 2020, 4:05:26 PM"
130.160.194.9,Web,"Nov 2, 2020, 9:13:06 PM"
45.56.200.245,Web,"Nov 3, 2020, 12:23:55 AM"
130.160.194.1,Web,"Nov 3, 2020, 1:45:30 AM"
130.160.194.9,Web,"Nov 5, 2020, 11:17:58 PM"
130.160.194.9,Web,"Nov 8, 2020, 7:16:58 PM"
130.160.194.6,Web,"Nov 9, 2020, 9:45:03 PM"
130.160.194.1,Web,"Nov 10, 2020, 2:53:49 AM"
130.160.194.10,Web,"Nov 10, 2020, 3:49:02 PM"
130.160.194.9,Web,"Nov 11, 2020, 7:35:15 AM"
130.160.194.10,Web,"Nov 11, 2020, 8:17:07 PM"
130.160.194.1,Web,"Nov 12, 2020, 2:53:38 AM"
130.160.194.9,Web,"Nov 13, 2020, 1:52:06 AM"
130.160.194.9,Web,"Nov 15, 2020, 11:54:49 PM"
130.160.194.10,Web,"Nov 16, 2020, 8:08:45 PM"
130.160.194.10,Web,"Nov 17, 2020, 10:55:20 PM"
107.242.117.52,Web,"Nov 22, 2020, 6:14:13 PM"
71.235.173.199,Web,"Nov 27, 2020, 9:36:48 PM"
71.235.173.199,Web,"Dec 2, 2020, 1:42:29 AM"
71.235.173.199,Web,"Dec 5, 2020, 10:00:18 PM"
71.235.173.199,Web,"Dec 6, 2020, 1:17:57 AM"
71.235.173.199,Web,"Dec 21, 2020, 10:16:35 PM"
71.235.173.199,Web,"Jan 6, 2021, 4:34:19 AM"
71.235.173.199,Web,"Jan 8, 2021, 6:09:15 PM"
71.235.173.199,Web,"Jan 9, 2021, 6:43:29 PM"
71.235.173.199,Web,"Jan 10, 2021, 12:53:03 AM"
196.54.16.83,Web,"Jan 10, 2021, 5:44:51 PM"
71.235.173.199,Web,"Jan 10, 2021, 10:37:22 PM"
130.160.194.6,Web,"Jan 12, 2021, 4:44:24 PM"
130.160.194.6,Web,"Jan 12, 2021, 5:49:35 PM"
130.160.194.6,Web,"Jan 13, 2021, 12:56:14 AM"
130.160.194.5,Web,"Jan 13, 2021, 5:22:55 PM"
130.160.194.10,Web,"Jan 13, 2021, 8:22:10 PM"
130.160.194.5,Web,"Jan 14, 2021, 4:04:04 PM"
130.160.194.9,Web,"Jan 21, 2021, 11:31:07 PM"
130.160.194.9,Web,"Jan 22, 2021, 4:15:19 PM"
130.160.194.10,Web,"Jan 26, 2021, 11:28:26 PM"
130.160.194.5,Web,"Jan 27, 2021, 2:45:11 AM"
130.160.194.9,Web,"Jan 27, 2021, 5:08:12 AM"
130.160.194.5,Web,"Jan 30, 2021, 8:56:05 PM"
130.160.194.9,Web,"Jan 31, 2021, 7:16:14 PM"
130.160.194.10,Web,"Jan 31, 2021, 10:40:35 PM"
130.160.194.5,Web,"Feb 2, 2021, 8:01:04 PM"
130.160.194.9,Web,"Feb 3, 2021, 4:53:05 PM"
130.160.194.10,Web,"Feb 7, 2021, 9:24:16 PM"
130.160.194.5,Web,"Feb 9, 2021, 10:32:00 PM"
130.160.194.6,Web,"Feb 11, 2021, 6:49:42 PM"
130.160.194.10,Web,"Feb 12, 2021, 8:19:59 PM"
130.160.194.10,Web,"Feb 15, 2021, 8:07:14 PM"
130.160.194.9,Web,"Feb 19, 2021, 1:59:15 AM"
130.160.194.9,Web,"Feb 19, 2021, 8:43:37 PM"
130.160.194.9,Web,"Feb 22, 2021, 11:03:04 PM"
130.160.194.5,Web,"Feb 26, 2021, 2:07:12 AM"
130.160.194.5,Web,"Mar 1, 2021, 8:47:27 PM"
130.160.194.10,Web,"Mar 4, 2021, 4:11:27 AM"
130.160.194.10,Web,"Mar 5, 2021, 5:23:46 AM"
130.160.194.5,Web,"Mar 7, 2021, 11:27:37 PM"
130.160.194.9,Web,"Mar 8, 2021, 3:07:59 AM"
130.160.194.9,Web,"Mar 8, 2021, 8:25:58 PM"
130.160.194.10,Web,"Mar 10, 2021, 1:15:47 AM"
130.160.194.6,Web,"Mar 12, 2021, 8:50:31 PM"
130.160.194.9,Web,"Mar 17, 2021, 1:17:35 AM"
130.160.194.5,Web,"Mar 18, 2021, 1:06:20 AM"
130.160.194.9,Web,"Mar 19, 2021, 2:12:01 AM"
130.160.200.20,Mobile,"Mar 20, 2021, 2:40:53 PM"
107.88.177.46,Web,"Mar 22, 2021, 5:51:57 PM"
130.160.194.10,Web,"Mar 22, 2021, 8:29:52 PM"
130.160.194.23,Mobile,"Mar 24, 2021, 7:11:42 PM"
130.160.193.1,Web,"Mar 26, 2021, 10:19:03 PM"
130.160.193.1,Web,"Mar 26, 2021, 10:24:31 PM"
130.160.194.6,Web,"Mar 29, 2021, 2:50:37 PM"
71.235.173.199,Web,"May 9, 2021, 6:30:03 PM"
71.235.173.199,Web,"May 9, 2021, 7:46:01 PM"
71.235.173.199,Web,"May 10, 2021, 5:16:21 PM"
71.235.173.199,Web,"May 11, 2021, 4:19:20 PM"
71.235.173.199,Web,"May 12, 2021, 2:18:20 PM"
71.235.173.199,Web,"May 13, 2021, 4:07:48 PM"
71.235.173.199,Web,"May 15, 2021, 12:41:49 AM"
71.235.173.199,Web,"May 17, 2021, 2:57:13 AM"
71.235.173.199,Web,"Jun 4, 2021, 12:10:44 AM"
71.235.173.199,Web,"Jun 7, 2021, 4:26:34 PM"
71.235.173.199,Web,"Jun 9, 2021, 1:12:49 AM"
71.235.173.199,Web,"Jun 12, 2021, 11:18:08 PM"
71.235.173.199,Mobile,"Jun 14, 2021, 8:43:03 PM"
71.235.173.199,Web,"Jun 17, 2021, 2:50:04 PM"
71.235.173.199,Mobile,"Jun 19, 2021, 4:35:29 PM"
71.235.173.199,Mobile,"Jun 27, 2021, 1:37:50 AM"
71.235.173.199,Mobile,"Jul 15, 2021, 5:01:32 PM"
71.235.173.199,Web,"Jul 16, 2021, 12:07:24 AM"
71.235.173.199,Web,"Dec 28, 2021, 4:25:21 PM"
209.58.150.236,Web,"Mar 13, 2022, 8:00:17 PM"
99.69.168.210,Web,"Mar 14, 2022, 1:57:55 PM"
2601:7c0:c400:4ac0:337b:b4d0:3408:5033,Web,"Mar 14, 2022, 10:43:04 PM"
